{
  "rectangle": {
    "sides_mm": [
      895.276,
      803.571,
      895.276,
      803.571
    ],
    "diagonals_mm": [
      1203.015,
      1203.015
    ],
    "corners_mm": [
      [
        0.0,
        0.7860000133514404
      ],
      [
        895.2760009765625,
        0.7860000133514404
      ],
      [
        895.2760009765625,
        804.3560180664062
      ],
      [
        0.0,
        804.3560180664062
      ]
    ],
    "center_px": [
      4095.5,
      4099.5
    ]
  },
  "center_detail_px": [
    4095.5,
    4099.5
  ],
  "holes_count": 0,
  "holes": []
}