{
  "rectangle": {
    "sides_mm": [
      895.276,
      803.669,
      895.276,
      803.669
    ],
    "diagonals_mm": [
      1203.081,
      1203.081
    ],
    "corners_mm": [
      [
        0.0,
        0.6869999766349792
      ],
      [
        895.2760009765625,
        0.6869999766349792
      ],
      [
        895.2760009765625,
        804.3560180664062
      ],
      [
        0.0,
        804.3560180664062
      ]
    ],
    "center_px": [
      4095.5,
      4099.0
    ]
  },
  "center_detail_px": [
    4095.5,
    4099.0
  ],
  "holes_count": 0,
  "holes": []
}